"Protocol","Percent Packets","Packets","Percent Bytes","Bytes","Bits/s","End Packets","End Bytes","End Bits/s","PDUs"
"Frame",100,44604,100,10394431,1188124.7508683663,0,0,0,44604
"Ethernet",100,44604,6.007601570494816,624456,71377.80119260559,0,0,0,44604
"Internet Protocol Version 6",0.9393776342928886,419,0.16124018717330463,16760,1915.7345721525132,0,0,0,419
"User Datagram Protocol",0.3026634382566586,135,0.010390179125726073,1080,123.44828985230993,0,0,0,135
"QUIC IETF",0.10761366693570083,48,0.24656472297521626,25629,2929.4965005785657,48,21993,2513.887258075789,56
"Multicast Domain Name System",0.1165814725136759,52,0.13062764089732282,13578,1552.019332976541,52,13578,1552.019332976541,52
"Domain Name System",0.047080979284369114,21,0.01093854969069495,1137,129.96361626118184,21,1137,129.96361626118184,21
"Transmission Control Protocol",0.5560039458344543,248,0.07561741474833976,7860,898.4292205918111,122,3828,437.5556051431874,248
"Transport Layer Security",0.27127611873374585,121,0.6979987649155591,72553,8293.096086717262,121,66754,7630.2473525936075,124
"Internet Control Message Protocol v6",0.08071025020177562,36,0.01277607211015206,1328,151.79567492950702,36,1328,151.79567492950702,36
"Internet Protocol Version 4",98.86557259438615,44098,8.484966613372103,881964,100811.98843639136,0,0,0,44098
"User Datagram Protocol",25.244372701999822,11260,0.8666179033753748,90080,10296.501805459331,0,0,0,11260
"Real-time Transport Control Protocol",0.004483902788987535,2,0.009851429096984722,1024,117.04726741552348,0,0,0,2
"Malformed Packet",0.004483902788987535,2,0,0,0,2,0,0,2
"QUIC IETF",24.179445789615283,10785,40.925366669902374,4253959,486244.410788743,10785,4253959,486244.410788743,10785
"Multicast Domain Name System",0.14796879203658864,66,0.17933641581727755,18641,2130.7403436452864,66,18641,2130.7403436452864,66
"Domain Name System",0.047080979284369114,21,0.017355447354453553,1804,206.20436564219176,21,1804,206.20436564219176,21
"Data",0.8653932382745942,386,1.2246750206913684,127298,14550.667038536434,386,127298,14550.667038536434,386
"Transmission Control Protocol",73.61895794099183,32837,10.202771080013903,1060520,121221.64847608493,19010,619376,70797.1370144114,32837
"Transport Layer Security",10.768092547753565,4803,5.39154091262908,560420,64058.2320361403,4803,526779,60212.93211121293,4824
"MQ Telemetry Transport Protocol",10.87794816608376,4852,9.054367670534347,941150,107577.18332824211,4852,916436,104752.27496212175,5002
"Malformed Packet",0.0022419513944937674,1,0,0,0,1,0,0,1
"HyperText Transfer Protocol 2",8.178638687113263,3648,6.690755848011305,695466,79494.52625039498,3648,625550,71502.8497380671,4283
"Hypertext Transfer Protocol",0.25109855618330196,112,0.20176188576363632,20972,2397.182902576522,0,0,0,112
"JavaScript Object Notation",0.25109855618330196,112,0.08888413420609555,9239,1056.0543980976772,112,9239,1056.0543980976772,112
"Data",0.9214420231369383,411,2.0196487907803706,209931,23995.947163875255,411,209931,23995.947163875255,411
"Internet Group Management Protocol",0.0022419513944937674,1,0.00011544643473028971,12,1.3716476650256657,1,12,1.3716476650256657,1
"HomePlug AV protocol",0.07846829880728186,35,0.015489063326313869,1610,184.02939505761017,35,1610,184.02939505761017,35
"Data",0.12106537530266344,54,0.03849176544632409,4001,457.33019231397407,54,4001,457.33019231397407,54
"Address Resolution Protocol",0.03811317370639405,17,0.0045793752443014915,476,54.408690712684745,17,476,54.408690712684745,17
